T_K,P_bar,angle_deg,Re,correlation,Pr,Nu,f,PEC
233,350,,2000,Straight - Dittus-Boelter (baseline),0.74817365,8.956798334249463,0.008,1.0
233,350,30.0,2000,Zigzag - Kim & No (2011),0.74817365,8.040680648876108,0.03638320305274817,0.5418383039633914
233,350,45.0,2000,Zigzag - Kim & No (2011),0.74817365,9.562034637108166,0.04326716393691685,0.6081929325192251
233,350,60.0,2000,Zigzag - Kim & No (2011),0.74817365,10.582130848435831,0.047882988045695664,0.6507136429595248
233,350,30.0,2000,Zigzag - Meshram (2016),0.74817365,17.34993556136912,0.049160212459774144,1.0575570759846429
233,350,45.0,2000,Zigzag - Meshram (2016),0.74817365,18.167778784538985,0.053923760029076284,1.07378906511976
233,350,60.0,2000,Zigzag - Meshram (2016),0.74817365,18.771322608144498,0.057580932411541316,1.0854567130672015
233,350,,2000,S-shaped - Ngo (2007),0.74817365,95.22891609073496,0.16850015131834734,3.849868915182698
233,350,,5000,Straight - Dittus-Boelter (baseline),0.74817365,18.642527953077863,0.009406628279671524,1.0
233,350,30.0,5000,Zigzag - Kim & No (2011),0.74817365,16.735736159789948,0.03029095239711911,0.6079208455781208
233,350,45.0,5000,Zigzag - Kim & No (2011),0.74817365,19.902256516030523,0.03602221611086278,0.6823680775375834
233,350,60.0,5000,Zigzag - Kim & No (2011),0.74817365,22.025467447528893,0.03986513527742947,0.7300746092766093
233,350,30.0,5000,Zigzag - Meshram (2016),0.74817365,31.010748128168377,0.04245252786917864,1.0065860706153815
233,350,45.0,5000,Zigzag - Meshram (2016),0.74817365,32.4725362778904,0.046566111310410295,1.022035727690936
233,350,60.0,5000,Zigzag - Meshram (2016),0.74817365,33.551292186345506,0.049724279363813795,1.03314103081588
233,350,,5000,S-shaped - Ngo (2007),0.74817365,152.5141032820962,0.1363565967001994,3.355246863529356
233,350,,10000,Straight - Dittus-Boelter (baseline),0.74817365,32.45852642163135,0.00791,1.0
233,350,30.0,10000,Zigzag - Kim & No (2011),0.74817365,29.138609082160905,0.026369805672088128,0.6009382791187602
233,350,45.0,10000,Zigzag - Kim & No (2011),0.74817365,34.65184124178865,0.03135916052648631,0.6745304116871533
233,350,60.0,10000,Zigzag - Kim & No (2011),0.74817365,38.348566186613446,0.03470461597164242,0.721688987173591
233,350,30.0,10000,Zigzag - Meshram (2016),0.74817365,48.11772157858727,0.03799344317110953,0.8786155098268132
233,350,45.0,10000,Zigzag - Meshram (2016),0.74817365,50.38590017603657,0.04167494829103246,0.8921010017527933
233,350,60.0,10000,Zigzag - Meshram (2016),0.74817365,52.059748102560775,0.04450139195609661,0.9017944515746638
233,350,,10000,S-shaped - Ngo (2007),0.74817365,217.79074644493224,0.11618183304290985,2.739828487716101
233,350,,20000,Straight - Dittus-Boelter (baseline),0.74817365,56.5135769202266,0.006651490644656882,1.0
233,350,30.0,20000,Zigzag - Kim & No (2011),0.74817365,50.73326510028147,0.022956249181845648,0.5940359142756366
233,350,45.0,20000,Zigzag - Kim & No (2011),0.74817365,60.33235982457397,0.02729973486082624,0.6667827691071623
233,350,60.0,20000,Zigzag - Kim & No (2011),0.74817365,66.76873179071008,0.030212122983088976,0.713399682155376
233,350,30.0,20000,Zigzag - Meshram (2016),0.74817365,74.66169859382866,0.034002727197885885,0.7669142626186812
233,350,45.0,20000,Zigzag - Meshram (2016),0.74817365,78.18111017949886,0.037297538192156296,0.7786853000984335
233,350,60.0,20000,Zigzag - Meshram (2016),0.74817365,80.77833060644585,0.03982710079195902,0.7871463901192964
233,350,,20000,S-shaped - Ngo (2007),0.74817365,311.00605266194395,0.09899204479918527,2.237289966260338
233,350,,40000,Straight - Dittus-Boelter (baseline),0.74817365,98.39585244356422,0.005593214639185591,1.0
233,350,30.0,40000,Zigzag - Kim & No (2011),0.74817365,88.33174502180327,0.019984575656421918,0.5872128298546179
233,350,45.0,40000,Zigzag - Kim & No (2011),0.74817365,105.04473966053465,0.023765799560927118,0.6591241157921577
233,350,60.0,40000,Zigzag - Kim & No (2011),0.74817365,116.25111414194099,0.026301180681299885,0.7052055879258889
233,350,30.0,40000,Zigzag - Meshram (2016),0.74817365,115.84857000786069,0.03043118391999333,0.6694139582442484
233,350,45.0,40000,Zigzag - Meshram (2016),0.74817365,121.30945299268325,0.03337991796608163,0.6796885054472913
233,350,60.0,40000,Zigzag - Meshram (2016),0.74817365,125.33942121097778,0.03564378298678266,0.6870739095765439
233,350,,40000,S-shaped - Ngo (2007),0.74817365,444.1178809073986,0.08434558723053241,1.8269269100496506
253,350,,2000,Straight - Dittus-Boelter (baseline),0.73035365,8.870847517732871,0.008,1.0
253,350,30.0,2000,Zigzag - Kim & No (2011),0.73035365,7.963521038786711,0.03638320305274817,0.5418383039633914
253,350,45.0,2000,Zigzag - Kim & No (2011),0.73035365,9.470275879799017,0.04326716393691685,0.6081929325192249
253,350,60.0,2000,Zigzag - Kim & No (2011),0.73035365,10.480583090747627,0.047882988045695664,0.6507136429595248
253,350,30.0,2000,Zigzag - Meshram (2016),0.73035365,17.183442907146052,0.049160212459774144,1.0575570759846429
253,350,45.0,2000,Zigzag - Meshram (2016),0.73035365,17.99343798076618,0.053923760029076284,1.0737890651197597
253,350,60.0,2000,Zigzag - Meshram (2016),0.73035365,18.591190104870762,0.057580932411541316,1.0854567130672015
253,350,,2000,S-shaped - Ngo (2007),0.73035365,94.31508474290943,0.16850015131834734,3.8498689151826984
253,350,,5000,Straight - Dittus-Boelter (baseline),0.73035365,18.46363138315362,0.009406628279671524,1.0
253,350,30.0,5000,Zigzag - Kim & No (2011),0.73035365,16.57513745763543,0.03029095239711911,0.6079208455781208
253,350,45.0,5000,Zigzag - Kim & No (2011),0.73035365,19.71127139676817,0.03602221611086278,0.6823680775375834
253,350,60.0,5000,Zigzag - Kim & No (2011),0.73035365,21.814107669109436,0.03986513527742947,0.7300746092766092
253,350,30.0,5000,Zigzag - Meshram (2016),0.73035365,30.713164212248966,0.04245252786917864,1.0065860706153815
253,350,45.0,5000,Zigzag - Meshram (2016),0.73035365,32.160924817713074,0.046566111310410295,1.022035727690936
253,350,60.0,5000,Zigzag - Meshram (2016),0.73035365,33.22932881829958,0.049724279363813795,1.03314103081588
253,350,,5000,S-shaped - Ngo (2007),0.73035365,151.0505544537982,0.1363565967001994,3.355246863529356
253,350,,10000,Straight - Dittus-Boelter (baseline),0.73035365,32.14704940219275,0.00791,1.0
253,350,30.0,10000,Zigzag - Kim & No (2011),0.73035365,28.858990500910423,0.026369805672088128,0.6009382791187603
253,350,45.0,10000,Zigzag - Kim & No (2011),0.73035365,34.31931683547862,0.03135916052648631,0.6745304116871534
253,350,60.0,10000,Zigzag - Kim & No (2011),0.73035365,37.98056743829104,0.03470461597164242,0.721688987173591
253,350,30.0,10000,Zigzag - Meshram (2016),0.73035365,47.655976510287246,0.03799344317110953,0.8786155098268134
253,350,45.0,10000,Zigzag - Meshram (2016),0.73035365,49.90238931652623,0.04167494829103246,0.8921010017527936
253,350,60.0,10000,Zigzag - Meshram (2016),0.73035365,51.560174740508735,0.04450139195609661,0.9017944515746641
253,350,,10000,S-shaped - Ngo (2007),0.73035365,215.70079289365933,0.11618183304290985,2.7398284877161014
253,350,,20000,Straight - Dittus-Boelter (baseline),0.73035365,55.97126393077447,0.006651490644656882,1.0
253,350,30.0,20000,Zigzag - Kim & No (2011),0.73035365,50.24642087345013,0.022956249181845648,0.5940359142756364
253,350,45.0,20000,Zigzag - Kim & No (2011),0.73035365,59.75340120612814,0.02729973486082624,0.666782769107162
253,350,60.0,20000,Zigzag - Kim & No (2011),0.73035365,66.12800875542139,0.030212122983088976,0.7133996821553759
253,350,30.0,20000,Zigzag - Meshram (2016),0.73035365,73.94523343326824,0.034002727197885885,0.7669142626186811
253,350,45.0,20000,Zigzag - Meshram (2016),0.73035365,77.43087220323379,0.037297538192156296,0.7786853000984334
253,350,60.0,20000,Zigzag - Meshram (2016),0.73035365,80.00316930288915,0.03982710079195902,0.7871463901192963
253,350,,20000,S-shaped - Ngo (2007),0.73035365,308.02159067336936,0.09899204479918527,2.2372899662603385
253,350,,40000,Straight - Dittus-Boelter (baseline),0.73035365,97.4516306866635,0.005593214639185591,1.0
253,350,30.0,40000,Zigzag - Kim & No (2011),0.73035365,87.4840999899923,0.019984575656421918,0.587212829854618
253,350,45.0,40000,Zigzag - Kim & No (2011),0.73035365,104.03671415770833,0.023765799560927118,0.6591241157921578
253,350,60.0,40000,Zigzag - Kim & No (2011),0.73035365,115.13555054336628,0.026301180681299885,0.7052055879258889
253,350,30.0,40000,Zigzag - Meshram (2016),0.73035365,114.73686928480431,0.03043118391999333,0.6694139582442484
253,350,45.0,40000,Zigzag - Meshram (2016),0.73035365,120.1453487953126,0.03337991796608163,0.6796885054472913
253,350,60.0,40000,Zigzag - Meshram (2016),0.73035365,124.13664481780991,0.03564378298678266,0.687073909576544
253,350,,40000,S-shaped - Ngo (2007),0.73035365,439.8560573104952,0.08434558723053241,1.8269269100496501
273,350,,2000,Straight - Dittus-Boelter (baseline),0.71253365,8.783629005578852,0.008,1.0
273,350,30.0,2000,Zigzag - Kim & No (2011),0.71253365,7.885223395284017,0.03638320305274817,0.5418383039633914
273,350,45.0,2000,Zigzag - Kim & No (2011),0.71253365,9.377163765057666,0.04326716393691685,0.6081929325192249
273,350,60.0,2000,Zigzag - Kim & No (2011),0.71253365,10.377537596858314,0.047882988045695664,0.6507136429595248
273,350,30.0,2000,Zigzag - Meshram (2016),0.71253365,17.014494639119928,0.049160212459774144,1.0575570759846429
273,350,45.0,2000,Zigzag - Meshram (2016),0.71253365,17.81652581018937,0.053923760029076284,1.0737890651197597
273,350,60.0,2000,Zigzag - Meshram (2016),0.71253365,18.408400812542382,0.057580932411541316,1.0854567130672013
273,350,,2000,S-shaped - Ngo (2007),0.71253365,93.38777522163619,0.16850015131834734,3.849868915182698
273,350,,5000,Straight - Dittus-Boelter (baseline),0.71253365,18.282096253057,0.009406628279671524,1.0
273,350,30.0,5000,Zigzag - Kim & No (2011),0.71253365,16.41217007205999,0.03029095239711911,0.6079208455781206
273,350,45.0,5000,Zigzag - Kim & No (2011),0.71253365,19.517469422328464,0.03602221611086278,0.6823680775375834
273,350,60.0,5000,Zigzag - Kim & No (2011),0.71253365,21.59963052799479,0.03986513527742947,0.7300746092766092
273,350,30.0,5000,Zigzag - Meshram (2016),0.71253365,30.41119120676335,0.04245252786917864,1.0065860706153815
273,350,45.0,5000,Zigzag - Meshram (2016),0.71253365,31.844717374569573,0.046566111310410295,1.022035727690936
273,350,60.0,5000,Zigzag - Meshram (2016),0.71253365,32.90261678614986,0.049724279363813795,1.0331410308158802
273,350,,5000,S-shaped - Ngo (2007),0.71253365,149.5654196238776,0.1363565967001994,3.355246863529356
273,350,,10000,Straight - Dittus-Boelter (baseline),0.71253365,31.830978382665457,0.00791,1.0
273,350,30.0,10000,Zigzag - Kim & No (2011),0.71253365,28.57524780228723,0.026369805672088128,0.6009382791187603
273,350,45.0,10000,Zigzag - Kim & No (2011),0.71253365,33.981887999445846,0.03135916052648631,0.6745304116871534
273,350,60.0,10000,Zigzag - Kim & No (2011),0.71253365,37.60714104626805,0.03470461597164242,0.721688987173591
273,350,30.0,10000,Zigzag - Meshram (2016),0.71253365,47.18742112612972,0.03799344317110953,0.8786155098268132
273,350,45.0,10000,Zigzag - Meshram (2016),0.71253365,49.411747115719876,0.04167494829103246,0.8921010017527936
273,350,60.0,10000,Zigzag - Meshram (2016),0.71253365,51.05323312999419,0.04450139195609661,0.9017944515746639
273,350,,10000,S-shaped - Ngo (2007),0.71253365,213.5800144461638,0.11618183304290985,2.7398284877161014
273,350,,20000,Straight - Dittus-Boelter (baseline),0.71253365,55.420952322592335,0.006651490644656882,1.0
273,350,30.0,20000,Zigzag - Kim & No (2011),0.71253365,49.752396141214966,0.022956249181845648,0.5940359142756365
273,350,45.0,20000,Zigzag - Kim & No (2011),0.71253365,59.16590347956676,0.02729973486082624,0.666782769107162
273,350,60.0,20000,Zigzag - Kim & No (2011),0.71253365,65.47783564357088,0.030212122983088976,0.713399682155376
273,350,30.0,20000,Zigzag - Meshram (2016),0.71253365,73.21820106933245,0.034002727197885885,0.7669142626186812
273,350,45.0,20000,Zigzag - Meshram (2016),0.71253365,76.66956890556646,0.037297538192156296,0.7786853000984334
273,350,60.0,20000,Zigzag - Meshram (2016),0.71253365,79.21657508173323,0.03982710079195902,0.7871463901192963
273,350,,20000,S-shaped - Ngo (2007),0.71253365,304.9931106103154,0.09899204479918527,2.237289966260338
273,350,,40000,Straight - Dittus-Boelter (baseline),0.71253365,96.49348252568079,0.005593214639185591,1.0
273,350,30.0,40000,Zigzag - Kim & No (2011),0.71253365,86.62395297213321,0.019984575656421918,0.587212829854618
273,350,45.0,40000,Zigzag - Kim & No (2011),0.71253365,103.01382120412192,0.023765799560927118,0.6591241157921578
273,350,60.0,40000,Zigzag - Kim & No (2011),0.71253365,114.00353340584336,0.026301180681299885,0.705205587925889
273,350,30.0,40000,Zigzag - Meshram (2016),0.71253365,113.60877199666737,0.03043118391999333,0.6694139582442485
273,350,45.0,40000,Zigzag - Meshram (2016),0.71253365,118.96407512972365,0.03337991796608163,0.6796885054472914
273,350,60.0,40000,Zigzag - Meshram (2016),0.71253365,122.91612857703831,0.03564378298678266,0.687073909576544
273,350,,40000,S-shaped - Ngo (2007),0.71253365,435.5313757280573,0.08434558723053241,1.8269269100496506
293,350,,2000,Straight - Dittus-Boelter (baseline),0.69471365,8.695091677881766,0.008,1.0
293,350,30.0,2000,Zigzag - Kim & No (2011),0.69471365,7.805741827099661,0.03638320305274817,0.5418383039633913
293,350,45.0,2000,Zigzag - Kim & No (2011),0.69471365,9.282643718661257,0.04326716393691685,0.6081929325192248
293,350,60.0,2000,Zigzag - Kim & No (2011),0.69471365,10.272933970462171,0.047882988045695664,0.6507136429595246
293,350,30.0,2000,Zigzag - Meshram (2016),0.69471365,16.842991734510992,0.049160212459774144,1.0575570759846429
293,350,45.0,2000,Zigzag - Meshram (2016),0.69471365,17.63693858228181,0.053923760029076284,1.0737890651197597
293,350,60.0,2000,Zigzag - Meshram (2016),0.69471365,18.222847595975043,0.057580932411541316,1.0854567130672017
293,350,,2000,S-shaped - Ngo (2007),0.69471365,92.44644401873038,0.16850015131834734,3.849868915182697
293,350,,5000,Straight - Dittus-Boelter (baseline),0.69471365,18.0978161626845,0.009406628279671524,1.0
293,350,30.0,5000,Zigzag - Kim & No (2011),0.69471365,16.24673848575695,0.03029095239711911,0.6079208455781206
293,350,45.0,5000,Zigzag - Kim & No (2011),0.69471365,19.320737002850702,0.03602221611086278,0.6823680775375834
293,350,60.0,5000,Zigzag - Kim & No (2011),0.69471365,21.38191031633985,0.03986513527742947,0.7300746092766092
293,350,30.0,5000,Zigzag - Meshram (2016),0.69471365,30.104652121401042,0.04245252786917864,1.0065860706153815
293,350,45.0,5000,Zigzag - Meshram (2016),0.69471365,31.52372861516015,0.046566111310410295,1.022035727690936
293,350,60.0,5000,Zigzag - Meshram (2016),0.69471365,32.57096459972023,0.049724279363813795,1.0331410308158802
293,350,,5000,S-shaped - Ngo (2007),0.69471365,148.05782833547266,0.1363565967001994,3.3552468635293557
293,350,,10000,Straight - Dittus-Boelter (baseline),0.69471365,31.510128109709374,0.00791,1.0
293,350,30.0,10000,Zigzag - Kim & No (2011),0.69471365,28.287214681001064,0.026369805672088128,0.6009382791187602
293,350,45.0,10000,Zigzag - Kim & No (2011),0.69471365,33.639356962255896,0.03135916052648631,0.6745304116871534
293,350,60.0,10000,Zigzag - Kim & No (2011),0.69471365,37.22806814047373,0.03470461597164242,0.721688987173591
293,350,30.0,10000,Zigzag - Meshram (2016),0.69471365,46.711780799703014,0.03799344317110953,0.8786155098268132
293,350,45.0,10000,Zigzag - Meshram (2016),0.69471365,48.913686001835,0.04167494829103246,0.8921010017527934
293,350,60.0,10000,Zigzag - Meshram (2016),0.69471365,50.53862614593838,0.04450139195609661,0.9017944515746639
293,350,,10000,S-shaped - Ngo (2007),0.69471365,211.427168086583,0.11618183304290985,2.7398284877161014
293,350,,20000,Straight - Dittus-Boelter (baseline),0.69471365,54.86231955088107,0.006651490644656882,1.0
293,350,30.0,20000,Zigzag - Kim & No (2011),0.69471365,49.25090134924775,0.022956249181845648,0.5940359142756366
293,350,45.0,20000,Zigzag - Kim & No (2011),0.69471365,58.56952230482254,0.02729973486082624,0.6667827691071623
293,350,60.0,20000,Zigzag - Kim & No (2011),0.69471365,64.81783138023181,0.030212122983088976,0.713399682155376
293,350,30.0,20000,Zigzag - Meshram (2016),0.69471365,72.48017537888613,0.034002727197885885,0.7669142626186812
293,350,45.0,20000,Zigzag - Meshram (2016),0.69471365,75.89675407672122,0.037297538192156296,0.7786853000984334
293,350,60.0,20000,Zigzag - Meshram (2016),0.69471365,78.41808690986285,0.03982710079195902,0.7871463901192964
293,350,,20000,S-shaped - Ngo (2007),0.69471365,301.91883744118354,0.09899204479918527,2.237289966260338
293,350,,40000,Straight - Dittus-Boelter (baseline),0.69471365,95.52084637750296,0.005593214639185591,1.0
293,350,30.0,40000,Zigzag - Kim & No (2011),0.69471365,85.75079982485894,0.019984575656421918,0.587212829854618
293,350,45.0,40000,Zigzag - Kim & No (2011),0.69471365,101.97546126889634,0.023765799560927118,0.6591241157921578
293,350,60.0,40000,Zigzag - Kim & No (2011),0.69471365,112.854399239388,0.026301180681299885,0.7052055879258889
293,350,30.0,40000,Zigzag - Meshram (2016),0.69471365,112.46361695094038,0.03043118391999333,0.6694139582442484
293,350,45.0,40000,Zigzag - Meshram (2016),0.69471365,117.76493963603973,0.03337991796608163,0.6796885054472913
293,350,60.0,40000,Zigzag - Meshram (2016),0.69471365,121.67715712820201,0.03564378298678266,0.6870739095765439
293,350,,40000,S-shaped - Ngo (2007),0.69471365,431.141301407898,0.08434558723053241,1.8269269100496506
313,350,,2000,Straight - Dittus-Boelter (baseline),0.67689365,8.605180978062974,0.008,1.0
313,350,30.0,2000,Zigzag - Kim & No (2011),0.67689365,7.72502735780147,0.03638320305274817,0.5418383039633914
313,350,45.0,2000,Zigzag - Kim & No (2011),0.67689365,9.186657497488179,0.04326716393691685,0.6081929325192249
313,350,60.0,2000,Zigzag - Kim & No (2011),0.67689365,10.166707754949572,0.047882988045695664,0.6507136429595248
313,350,30.0,2000,Zigzag - Meshram (2016),0.67689365,16.668828513467076,0.049160212459774144,1.0575570759846429
313,350,45.0,2000,Zigzag - Meshram (2016),0.67689365,17.454565635642528,0.053923760029076284,1.07378906511976
313,350,60.0,2000,Zigzag - Meshram (2016),0.67689365,18.03441611753381,0.057580932411541316,1.0854567130672015
313,350,,2000,S-shaped - Ngo (2007),0.67689365,91.49051108720921,0.16850015131834734,3.849868915182698
313,350,,5000,Straight - Dittus-Boelter (baseline),0.67689365,17.910677558899792,0.009406628279671524,1.0
313,350,30.0,5000,Zigzag - Kim & No (2011),0.67689365,16.078740760012078,0.03029095239711911,0.6079208455781208
313,350,45.0,5000,Zigzag - Kim & No (2011),0.67689365,19.120952912090623,0.03602221611086278,0.6823680775375834
313,350,60.0,5000,Zigzag - Kim & No (2011),0.67689365,21.160812875251906,0.03986513527742947,0.7300746092766093
313,350,30.0,5000,Zigzag - Meshram (2016),0.67689365,29.79335806720243,0.04245252786917864,1.0065860706153815
313,350,45.0,5000,Zigzag - Meshram (2016),0.67689365,31.197760746656066,0.046566111310410295,1.022035727690936
313,350,60.0,5000,Zigzag - Meshram (2016),0.67689365,32.23416789539297,0.049724279363813795,1.0331410308158802
313,350,,5000,S-shaped - Ngo (2007),0.67689365,146.52685161292064,0.1363565967001994,3.355246863529356
313,350,,10000,Straight - Dittus-Boelter (baseline),0.67689365,31.184300875830925,0.00791,1.0
313,350,30.0,10000,Zigzag - Kim & No (2011),0.67689365,27.994713651441728,0.026369805672088128,0.6009382791187602
313,350,45.0,10000,Zigzag - Kim & No (2011),0.67689365,33.291512656758314,0.03135916052648631,0.6745304116871533
313,350,60.0,10000,Zigzag - Kim & No (2011),0.67689365,36.84311513670884,0.03470461597164242,0.7216889871735908
313,350,30.0,10000,Zigzag - Meshram (2016),0.67689365,46.2287624420971,0.03799344317110953,0.8786155098268132
313,350,45.0,10000,Zigzag - Meshram (2016),0.67689365,48.407899070303415,0.04167494829103246,0.8921010017527933
313,350,60.0,10000,Zigzag - Meshram (2016),0.67689365,50.016036688230834,0.04450139195609661,0.9017944515746638
313,350,,10000,S-shaped - Ngo (2007),0.67689365,209.2409272339735,0.11618183304290985,2.739828487716101
313,350,,20000,Straight - Dittus-Boelter (baseline),0.67689365,54.29502138690086,0.006651490644656882,1.0
313,350,30.0,20000,Zigzag - Kim & No (2011),0.67689365,48.7416274771526,0.022956249181845648,0.5940359142756365
313,350,45.0,20000,Zigzag - Kim & No (2011),0.67689365,57.963890192642005,0.02729973486082624,0.6667827691071623
313,350,60.0,20000,Zigzag - Kim & No (2011),0.67689365,64.1475892716917,0.030212122983088976,0.713399682155376
313,350,30.0,20000,Zigzag - Meshram (2016),0.67689365,71.73070159152154,0.034002727197885885,0.7669142626186812
313,350,45.0,20000,Zigzag - Meshram (2016),0.67689365,75.11195150927145,0.037297538192156296,0.7786853000984334
313,350,60.0,20000,Zigzag - Meshram (2016),0.67689365,77.60721275997301,0.03982710079195902,0.7871463901192964
313,350,,20000,S-shaped - Ngo (2007),0.67689365,298.79687680310707,0.09899204479918527,2.2372899662603376
313,350,,40000,Straight - Dittus-Boelter (baseline),0.67689365,94.5331229050833,0.005593214639185591,1.0
313,350,30.0,40000,Zigzag - Kim & No (2011),0.67689365,84.86410251241007,0.019984575656421918,0.587212829854618
313,350,45.0,40000,Zigzag - Kim & No (2011),0.67689365,100.92099451607837,0.023765799560927118,0.6591241157921578
313,350,60.0,40000,Zigzag - Kim & No (2011),0.67689365,111.68743994911924,0.026301180681299885,0.705205587925889
313,350,30.0,40000,Zigzag - Meshram (2016),0.67689365,111.30069850467105,0.03043118391999333,0.6694139582442484
313,350,45.0,40000,Zigzag - Meshram (2016),0.67689365,116.5472034086313,0.03337991796608163,0.6796885054472913
313,350,60.0,40000,Zigzag - Meshram (2016),0.67689365,120.41896701881114,0.03564378298678266,0.687073909576544
313,350,,40000,S-shaped - Ngo (2007),0.67689365,426.68312919230476,0.08434558723053241,1.8269269100496506
333,350,,2000,Straight - Dittus-Boelter (baseline),0.6590736500000001,8.513838584451737,0.008,1.0
333,350,30.0,2000,Zigzag - Kim & No (2011),0.6590736500000001,7.643027630965659,0.03638320305274817,0.5418383039633914
333,350,45.0,2000,Zigzag - Kim & No (2011),0.6590736500000001,9.089142838906753,0.04326716393691685,0.6081929325192248
333,350,60.0,2000,Zigzag - Kim & No (2011),0.6590736500000001,10.058790045391756,0.047882988045695664,0.6507136429595246
333,350,30.0,2000,Zigzag - Meshram (2016),0.6590736500000001,16.49189200289318,0.049160212459774144,1.0575570759846429
333,350,45.0,2000,Zigzag - Meshram (2016),0.6590736500000001,17.269288671837995,0.053923760029076284,1.07378906511976
333,350,60.0,2000,Zigzag - Meshram (2016),0.6590736500000001,17.842984148844707,0.057580932411541316,1.0854567130672015
333,350,,2000,S-shaped - Ngo (2007),0.6590736500000001,90.51935634953136,0.16850015131834734,3.849868915182698
333,350,,5000,Straight - Dittus-Boelter (baseline),0.6590736500000001,17.720559051967793,0.009406628279671524,1.0
333,350,30.0,5000,Zigzag - Kim & No (2011),0.6590736500000001,15.908067921054,0.03029095239711911,0.6079208455781208
333,350,45.0,5000,Zigzag - Kim & No (2011),0.6590736500000001,18.917987557663963,0.03602221611086278,0.6823680775375834
333,350,60.0,5000,Zigzag - Kim & No (2011),0.6590736500000001,20.93619478718235,0.03986513527742947,0.7300746092766092
333,350,30.0,5000,Zigzag - Meshram (2016),0.6590736500000001,29.477107119487027,0.04245252786917864,1.0065860706153813
333,350,45.0,5000,Zigzag - Meshram (2016),0.6590736500000001,30.86660232602843,0.046566111310410295,1.022035727690936
333,350,60.0,5000,Zigzag - Meshram (2016),0.6590736500000001,31.89200820588293,0.049724279363813795,1.03314103081588
333,350,,5000,S-shaped - Ngo (2007),0.6590736500000001,144.97149636951985,0.1363565967001994,3.3552468635293557
333,350,,10000,Straight - Dittus-Boelter (baseline),0.6590736500000001,30.85328532922558,0.00791,1.0
333,350,30.0,10000,Zigzag - Kim & No (2011),0.6590736500000001,27.697554979253123,0.026369805672088128,0.6009382791187603
333,350,45.0,10000,Zigzag - Kim & No (2011),0.6590736500000001,32.93812944950686,0.03135916052648631,0.6745304116871534
333,350,60.0,10000,Zigzag - Kim & No (2011),0.6590736500000001,36.452032330517945,0.03470461597164242,0.721688987173591
333,350,30.0,10000,Zigzag - Meshram (2016),0.6590736500000001,45.73805273757013,0.03799344317110953,0.8786155098268132
333,350,45.0,10000,Zigzag - Meshram (2016),0.6590736500000001,47.894058236270425,0.04167494829103246,0.8921010017527934
333,350,60.0,10000,Zigzag - Meshram (2016),0.6590736500000001,49.485125772853564,0.04450139195609661,0.9017944515746639
333,350,,10000,S-shaped - Ngo (2007),0.6590736500000001,207.0198737565732,0.11618183304290985,2.7398284877161014
333,350,,20000,Straight - Dittus-Boelter (baseline),0.6590736500000001,53.718689845786756,0.006651490644656882,1.0
333,350,30.0,20000,Zigzag - Kim & No (2011),0.6590736500000001,48.224244178228346,0.022956249181845648,0.5940359142756364
333,350,45.0,20000,Zigzag - Kim & No (2011),0.6590736500000001,57.348614292377704,0.02729973486082624,0.666782769107162
333,350,60.0,20000,Zigzag - Kim & No (2011),0.6590736500000001,63.46667455724186,0.030212122983088976,0.7133996821553759
333,350,30.0,20000,Zigzag - Meshram (2016),0.6590736500000001,70.96929355193632,0.034002727197885885,0.7669142626186812
333,350,45.0,20000,Zigzag - Meshram (2016),0.6590736500000001,74.31465213147122,0.037297538192156296,0.7786853000984334
333,350,60.0,20000,Zigzag - Meshram (2016),0.6590736500000001,76.78342664866821,0.03982710079195902,0.7871463901192963
333,350,,20000,S-shaped - Ngo (2007),0.6590736500000001,295.6252035982861,0.09899204479918527,2.237289966260338
333,350,,40000,Straight - Dittus-Boelter (baseline),0.6590736500000001,93.52967140955889,0.005593214639185591,1.0
333,350,30.0,40000,Zigzag - Kim & No (2011),0.6590736500000001,83.96328586777307,0.019984575656421918,0.587212829854618
333,350,45.0,40000,Zigzag - Kim & No (2011),0.6590736500000001,99.84973695296316,0.023765799560927118,0.6591241157921578
333,350,60.0,40000,Zigzag - Kim & No (2011),0.6590736500000001,110.5018985726774,0.026301180681299885,0.705205587925889
333,350,30.0,40000,Zigzag - Meshram (2016),0.6590736500000001,110.1192623166424,0.03043118391999333,0.6694139582442484
333,350,45.0,40000,Zigzag - Meshram (2016),0.6590736500000001,115.31007654805987,0.03337991796608163,0.6796885054472913
333,350,60.0,40000,Zigzag - Meshram (2016),0.6590736500000001,119.14074210852381,0.03564378298678266,0.687073909576544
333,350,,40000,S-shaped - Ngo (2007),0.6590736500000001,422.15396723355985,0.08434558723053241,1.8269269100496506
233,700,,2000,Straight - Dittus-Boelter (baseline),0.93518095,9.79287234163034,0.008,1.0
233,700,30.0,2000,Zigzag - Kim & No (2011),0.93518095,8.791239480425265,0.03638320305274817,0.5418383039633914
233,700,45.0,2000,Zigzag - Kim & No (2011),0.93518095,10.45460453981455,0.04326716393691685,0.6081929325192249
233,700,60.0,2000,Zigzag - Kim & No (2011),0.93518095,11.569921821829665,0.047882988045695664,0.6507136429595248
233,700,30.0,2000,Zigzag - Meshram (2016),0.93518095,18.969468525187864,0.049160212459774144,1.0575570759846429
233,700,45.0,2000,Zigzag - Meshram (2016),0.93518095,19.863653476226073,0.053923760029076284,1.0737890651197597
233,700,60.0,2000,Zigzag - Meshram (2016),0.93518095,20.52353521036624,0.057580932411541316,1.0854567130672015
233,700,,2000,S-shaped - Ngo (2007),0.93518095,104.11807698543424,0.16850015131834734,3.8498689151826984
233,700,,5000,Straight - Dittus-Boelter (baseline),0.93518095,20.382718194253577,0.009406628279671524,1.0
233,700,30.0,5000,Zigzag - Kim & No (2011),0.93518095,18.297936566165077,0.03029095239711911,0.6079208455781206
233,700,45.0,5000,Zigzag - Kim & No (2011),0.93518095,21.76003635435197,0.03602221611086278,0.6823680775375834
233,700,60.0,5000,Zigzag - Kim & No (2011),0.93518095,24.081438805383026,0.03986513527742947,0.7300746092766093
233,700,30.0,5000,Zigzag - Meshram (2016),0.93518095,33.90545218332776,0.04245252786917864,1.0065860706153815
233,700,45.0,5000,Zigzag - Meshram (2016),0.93518095,35.503691219926026,0.046566111310410295,1.022035727690936
233,700,60.0,5000,Zigzag - Meshram (2016),0.93518095,36.68314379941358,0.049724279363813795,1.0331410308158802
233,700,,5000,S-shaped - Ngo (2007),0.93518095,166.75056063601158,0.1363565967001994,3.355246863529356
233,700,,10000,Straight - Dittus-Boelter (baseline),0.93518095,35.48837361102722,0.00791,1.0
233,700,30.0,10000,Zigzag - Kim & No (2011),0.93518095,31.858557969663515,0.026369805672088128,0.6009382791187602
233,700,45.0,10000,Zigzag - Kim & No (2011),0.93518095,37.886423811250495,0.03135916052648631,0.6745304116871533
233,700,60.0,10000,Zigzag - Kim & No (2011),0.93518095,41.928220234014674,0.03470461597164242,0.721688987173591
233,700,30.0,10000,Zigzag - Meshram (2016),0.93518095,52.609279254103235,0.03799344317110953,0.8786155098268132
233,700,45.0,10000,Zigzag - Meshram (2016),0.93518095,55.08918140484206,0.04167494829103246,0.8921010017527934
233,700,60.0,10000,Zigzag - Meshram (2016),0.93518095,56.91927497757266,0.04450139195609661,0.9017944515746638
233,700,,10000,S-shaped - Ngo (2007),0.93518095,238.12046420294013,0.11618183304290985,2.739828487716101
233,700,,20000,Straight - Dittus-Boelter (baseline),0.93518095,61.78884727508611,0.006651490644656882,1.0
233,700,30.0,20000,Zigzag - Kim & No (2011),0.93518095,55.4689711725856,0.022956249181845648,0.5940359142756365
233,700,45.0,20000,Zigzag - Kim & No (2011),0.93518095,65.96409518031962,0.02729973486082624,0.666782769107162
233,700,60.0,20000,Zigzag - Kim & No (2011),0.93518095,73.00127148545086,0.030212122983088976,0.713399682155376
233,700,30.0,20000,Zigzag - Meshram (2016),0.93518095,81.63100874369664,0.034002727197885885,0.7669142626186812
233,700,45.0,20000,Zigzag - Meshram (2016),0.93518095,85.47894045879772,0.037297538192156296,0.7786853000984335
233,700,60.0,20000,Zigzag - Meshram (2016),0.93518095,88.31859890984377,0.03982710079195902,0.7871463901192964
233,700,,20000,S-shaped - Ngo (2007),0.93518095,340.03697052625336,0.09899204479918527,2.237289966260338
233,700,,40000,Straight - Dittus-Boelter (baseline),0.93518095,107.5806316014888,0.005593214639185591,1.0
233,700,30.0,40000,Zigzag - Kim & No (2011),0.93518095,96.57708819950174,0.019984575656421918,0.587212829854618
233,700,45.0,40000,Zigzag - Kim & No (2011),0.93518095,114.85016043309281,0.023765799560927118,0.6591241157921578
233,700,60.0,40000,Zigzag - Kim & No (2011),0.93518095,127.10259602598506,0.026301180681299885,0.7052055879258889
233,700,30.0,40000,Zigzag - Meshram (2016),0.93518095,126.6624763347951,0.03043118391999333,0.6694139582442483
233,700,45.0,40000,Zigzag - Meshram (2016),0.93518095,132.63310645811248,0.03337991796608163,0.6796885054472914
233,700,60.0,40000,Zigzag - Meshram (2016),0.93518095,137.03925280972535,0.03564378298678266,0.6870739095765439
233,700,,40000,S-shaped - Ngo (2007),0.93518095,485.5741471515426,0.08434558723053241,1.8269269100496501
253,700,,2000,Straight - Dittus-Boelter (baseline),0.91372095,9.702357336692724,0.008,1.0
253,700,30.0,2000,Zigzag - Kim & No (2011),0.91372095,8.70998251543904,0.03638320305274817,0.5418383039633914
253,700,45.0,2000,Zigzag - Kim & No (2011),0.91372095,10.357973178909402,0.04326716393691685,0.6081929325192249
253,700,60.0,2000,Zigzag - Kim & No (2011),0.91372095,11.4629816418399,0.047882988045695664,0.6507136429595246
253,700,30.0,2000,Zigzag - Meshram (2016),0.91372095,18.794134723487815,0.049160212459774144,1.0575570759846429
253,700,45.0,2000,Zigzag - Meshram (2016),0.91372095,19.680054769967402,0.053923760029076284,1.0737890651197597
253,700,60.0,2000,Zigzag - Meshram (2016),0.91372095,20.333837251882045,0.057580932411541316,1.0854567130672015
253,700,,2000,S-shaped - Ngo (2007),0.91372095,103.15571906595352,0.16850015131834734,3.849868915182698
253,700,,5000,Straight - Dittus-Boelter (baseline),0.91372095,20.19432180005656,0.009406628279671524,1.0
253,700,30.0,5000,Zigzag - Kim & No (2011),0.91372095,18.128809699107514,0.03029095239711911,0.6079208455781205
253,700,45.0,5000,Zigzag - Kim & No (2011),0.91372095,21.558909480708998,0.03602221611086278,0.6823680775375834
253,700,60.0,5000,Zigzag - Kim & No (2011),0.91372095,23.858855330756494,0.03986513527742947,0.730074609276609
253,700,30.0,5000,Zigzag - Meshram (2016),0.91372095,33.592065868799835,0.04245252786917864,1.0065860706153813
253,700,45.0,5000,Zigzag - Meshram (2016),0.91372095,35.175532465888786,0.046566111310410295,1.022035727690936
253,700,60.0,5000,Zigzag - Meshram (2016),0.91372095,36.34408342710422,0.049724279363813795,1.03314103081588
253,700,,5000,S-shaped - Ngo (2007),0.91372095,165.20929395829177,0.1363565967001994,3.3552468635293557
253,700,,10000,Straight - Dittus-Boelter (baseline),0.91372095,35.16035643684487,0.00791,1.0
253,700,30.0,10000,Zigzag - Kim & No (2011),0.91372095,31.564090990892574,0.026369805672088128,0.6009382791187602
253,700,45.0,10000,Zigzag - Kim & No (2011),0.91372095,37.53624158496274,0.03135916052648631,0.6745304116871533
253,700,60.0,10000,Zigzag - Kim & No (2011),0.91372095,41.540679895581604,0.03470461597164242,0.721688987173591
253,700,30.0,10000,Zigzag - Meshram (2016),0.91372095,52.12301444789247,0.03799344317110953,0.8786155098268131
253,700,45.0,10000,Zigzag - Meshram (2016),0.91372095,54.57999499324442,0.04167494829103246,0.8921010017527933
253,700,60.0,10000,Zigzag - Meshram (2016),0.91372095,56.39317310716037,0.04450139195609661,0.9017944515746638
253,700,,10000,S-shaped - Ngo (2007),0.91372095,235.91952925340027,0.11618183304290985,2.739828487716101
253,700,,20000,Straight - Dittus-Boelter (baseline),0.91372095,61.21773620357562,0.006651490644656882,1.0
253,700,30.0,20000,Zigzag - Kim & No (2011),0.91372095,54.9562743841033,0.022956249181845648,0.5940359142756366
253,700,45.0,20000,Zigzag - Kim & No (2011),0.91372095,65.35439251161743,0.02729973486082624,0.6667827691071623
253,700,60.0,20000,Zigzag - Kim & No (2011),0.91372095,72.3265245656051,0.030212122983088976,0.713399682155376
253,700,30.0,20000,Zigzag - Meshram (2016),0.91372095,80.87649761542555,0.034002727197885885,0.7669142626186811
253,700,45.0,20000,Zigzag - Meshram (2016),0.91372095,84.68886309969655,0.037297538192156296,0.7786853000984334
253,700,60.0,20000,Zigzag - Meshram (2016),0.91372095,87.50227473675882,0.03982710079195902,0.7871463901192963
253,700,,20000,S-shaped - Ngo (2007),0.91372095,336.89402665928253,0.09899204479918527,2.237289966260338
253,700,,40000,Straight - Dittus-Boelter (baseline),0.91372095,106.58626947147258,0.005593214639185591,1.0
253,700,30.0,40000,Zigzag - Kim & No (2011),0.91372095,95.68443124347498,0.019984575656421918,0.587212829854618
253,700,45.0,40000,Zigzag - Kim & No (2011),0.91372095,113.78860642972911,0.023765799560927118,0.6591241157921578
253,700,60.0,40000,Zigzag - Kim & No (2011),0.91372095,125.92779340367697,0.026301180681299885,0.7052055879258889
253,700,30.0,40000,Zigzag - Meshram (2016),0.91372095,125.49174171568683,0.03043118391999333,0.6694139582442484
253,700,45.0,40000,Zigzag - Meshram (2016),0.91372095,131.40718561822652,0.03337991796608163,0.6796885054472913
253,700,60.0,40000,Zigzag - Meshram (2016),0.91372095,135.77260619042977,0.03564378298678266,0.6870739095765439
253,700,,40000,S-shaped - Ngo (2007),0.91372095,481.0860108015815,0.08434558723053241,1.8269269100496506
273,700,,2000,Straight - Dittus-Boelter (baseline),0.8922609499999999,9.610557625488447,0.008,1.0
273,700,30.0,2000,Zigzag - Kim & No (2011),0.8922609499999999,8.627572246288494,0.03638320305274817,0.5418383039633914
273,700,45.0,2000,Zigzag - Kim & No (2011),0.8922609499999999,10.259970300486286,0.04326716393691685,0.6081929325192249
273,700,60.0,2000,Zigzag - Kim & No (2011),0.8922609499999999,11.354523628210448,0.047882988045695664,0.6507136429595246
273,700,30.0,2000,Zigzag - Meshram (2016),0.8922609499999999,18.616312357223727,0.049160212459774144,1.057557075984643
273,700,45.0,2000,Zigzag - Meshram (2016),0.8922609499999999,19.49385019290704,0.053923760029076284,1.0737890651197597
273,700,60.0,2000,Zigzag - Meshram (2016),0.8922609499999999,20.141446854103332,0.057580932411541316,1.0854567130672017
273,700,,2000,S-shaped - Ngo (2007),0.8922609499999999,102.1797021155665,0.16850015131834734,3.8498689151826984
273,700,,5000,Straight - Dittus-Boelter (baseline),0.8922609499999999,20.003251440052342,0.009406628279671524,1.0
273,700,30.0,5000,Zigzag - Kim & No (2011),0.8922609499999999,17.957282364347172,0.03029095239711911,0.6079208455781208
273,700,45.0,5000,Zigzag - Kim & No (2011),0.8922609499999999,21.354927953794544,0.03602221611086278,0.6823680775375834
273,700,60.0,5000,Zigzag - Kim & No (2011),0.8922609499999999,23.633112662967406,0.03986513527742947,0.7300746092766092
273,700,30.0,5000,Zigzag - Meshram (2016),0.8922609499999999,33.27423156951582,0.04245252786917864,1.0065860706153815
273,700,45.0,5000,Zigzag - Meshram (2016),0.8922609499999999,34.842716057487365,0.046566111310410295,1.0220357276909362
273,700,60.0,5000,Zigzag - Meshram (2016),0.8922609499999999,36.00021067053457,0.049724279363813795,1.0331410308158802
273,700,,5000,S-shaped - Ngo (2007),0.8922609499999999,163.64615162624452,0.1363565967001994,3.355246863529356
273,700,,10000,Straight - Dittus-Boelter (baseline),0.8922609499999999,34.827683617783144,0.00791,1.0
273,700,30.0,10000,Zigzag - Kim & No (2011),0.8922609499999999,31.265444555099972,0.026369805672088128,0.6009382791187602
273,700,45.0,10000,Zigzag - Kim & No (2011),0.8922609499999999,37.181089118647975,0.03135916052648631,0.6745304116871533
273,700,60.0,10000,Zigzag - Kim & No (2011),0.8922609499999999,41.14763908237408,0.03470461597164242,0.7216889871735908
273,700,30.0,10000,Zigzag - Meshram (2016),0.8922609499999999,51.62984794130369,0.03799344317110953,0.8786155098268132
273,700,45.0,10000,Zigzag - Meshram (2016),0.8922609499999999,54.06358154813638,0.04167494829103246,0.8921010017527933
273,700,60.0,10000,Zigzag - Meshram (2016),0.8922609499999999,55.859604117122046,0.04450139195609661,0.9017944515746639
273,700,,10000,S-shaped - Ngo (2007),0.8922609499999999,233.6873557824226,0.11618183304290985,2.739828487716101
273,700,,20000,Straight - Dittus-Boelter (baseline),0.8922609499999999,60.63851918352063,0.006651490644656882,1.0
273,700,30.0,20000,Zigzag - Kim & No (2011),0.8922609499999999,54.43630073829204,0.022956249181845648,0.5940359142756364
273,700,45.0,20000,Zigzag - Kim & No (2011),0.8922609499999999,64.73603615240478,0.02729973486082624,0.666782769107162
273,700,60.0,20000,Zigzag - Kim & No (2011),0.8922609499999999,71.64220076293275,0.030212122983088976,0.713399682155376
273,700,30.0,20000,Zigzag - Meshram (2016),0.8922609499999999,80.11127748729943,0.034002727197885885,0.7669142626186812
273,700,45.0,20000,Zigzag - Meshram (2016),0.8922609499999999,83.88757193869498,0.037297538192156296,0.7786853000984334
273,700,60.0,20000,Zigzag - Meshram (2016),0.8922609499999999,86.67436423297089,0.03982710079195902,0.7871463901192963
273,700,,20000,S-shaped - Ngo (2007),0.8922609499999999,333.706474059379,0.09899204479918527,2.237289966260338
273,700,,40000,Straight - Dittus-Boelter (baseline),0.8922609499999999,105.57779406531343,0.005593214639185591,1.0
273,700,30.0,40000,Zigzag - Kim & No (2011),0.8922609499999999,94.77910454295474,0.019984575656421918,0.587212829854618
273,700,45.0,40000,Zigzag - Kim & No (2011),0.8922609499999999,112.7119854760685,0.023765799560927118,0.6591241157921578
273,700,60.0,40000,Zigzag - Kim & No (2011),0.8922609499999999,124.73631645989025,0.026301180681299885,0.7052055879258889
273,700,30.0,40000,Zigzag - Meshram (2016),0.8922609499999999,124.30439051347389,0.03043118391999333,0.6694139582442484
273,700,45.0,40000,Zigzag - Meshram (2016),0.8922609499999999,130.16386492086372,0.03337991796608163,0.6796885054472913
273,700,60.0,40000,Zigzag - Meshram (2016),0.8922609499999999,134.48798168061123,0.03564378298678266,0.687073909576544
273,700,,40000,S-shaped - Ngo (2007),0.8922609499999999,476.53417300346376,0.08434558723053241,1.8269269100496506
293,700,,2000,Straight - Dittus-Boelter (baseline),0.87080095,9.517423401922287,0.008,1.0
293,700,30.0,2000,Zigzag - Kim & No (2011),0.87080095,8.543963961136757,0.03638320305274817,0.5418383039633914
293,700,45.0,2000,Zigzag - Kim & No (2011),0.87080095,10.160542732910663,0.04326716393691685,0.6081929325192249
293,700,60.0,2000,Zigzag - Kim & No (2011),0.87080095,11.244488936854726,0.047882988045695664,0.6507136429595248
293,700,30.0,2000,Zigzag - Meshram (2016),0.87080095,18.435904948557152,0.049160212459774144,1.0575570759846429
293,700,45.0,2000,Zigzag - Meshram (2016),0.87080095,19.304938719423298,0.053923760029076284,1.0737890651197597
293,700,60.0,2000,Zigzag - Meshram (2016),0.87080095,19.946259635280462,0.057580932411541316,1.0854567130672015
293,700,,2000,S-shaped - Ngo (2007),0.87080095,101.18949659455531,0.16850015131834734,3.849868915182698
293,700,,5000,Straight - Dittus-Boelter (baseline),0.87080095,19.80940344868012,0.009406628279671524,1.0
293,700,30.0,5000,Zigzag - Kim & No (2011),0.87080095,17.783261499426054,0.03029095239711911,0.6079208455781208
293,700,45.0,5000,Zigzag - Kim & No (2011),0.87080095,21.14798110307142,0.03602221611086278,0.6823680775375834
293,700,60.0,5000,Zigzag - Kim & No (2011),0.87080095,23.404088324933205,0.03986513527742947,0.7300746092766093
293,700,30.0,5000,Zigzag - Meshram (2016),0.87080095,32.95177684391607,0.04245252786917864,1.0065860706153815
293,700,45.0,5000,Zigzag - Meshram (2016),0.87080095,34.50506142459239,0.046566111310410295,1.022035727690936
293,700,60.0,5000,Zigzag - Meshram (2016),0.87080095,35.651338960934055,0.049724279363813795,1.0331410308158802
293,700,,5000,S-shaped - Ngo (2007),0.87080095,162.06028555424064,0.1363565967001994,3.355246863529356
293,700,,10000,Straight - Dittus-Boelter (baseline),0.87080095,34.49017466161732,0.00791,1.0
293,700,30.0,10000,Zigzag - Kim & No (2011),0.87080095,30.96245663113525,0.026369805672088128,0.6009382791187602
293,700,45.0,10000,Zigzag - Kim & No (2011),0.87080095,36.82077372370922,0.03135916052648631,0.6745304116871533
293,700,60.0,10000,Zigzag - Kim & No (2011),0.87080095,40.74888454940568,0.03470461597164242,0.721688987173591
293,700,30.0,10000,Zigzag - Meshram (2016),0.87080095,51.1295121659789,0.03799344317110953,0.8786155098268132
293,700,45.0,10000,Zigzag - Meshram (2016),0.87080095,53.5396608884925,0.04167494829103246,0.8921010017527933
293,700,60.0,10000,Zigzag - Meshram (2016),0.87080095,55.31827851866107,0.04450139195609661,0.9017944515746639
293,700,,10000,S-shaped - Ngo (2007),0.87080095,231.42273272035354,0.11618183304290985,2.7398284877161014
293,700,,20000,Straight - Dittus-Boelter (baseline),0.87080095,60.050881959705336,0.006651490644656882,1.0
293,700,30.0,20000,Zigzag - Kim & No (2011),0.87080095,53.908768122533225,0.022956249181845648,0.5940359142756366
293,700,45.0,20000,Zigzag - Kim & No (2011),0.87080095,64.1086906123484,0.02729973486082624,0.6667827691071623
293,700,60.0,20000,Zigzag - Kim & No (2011),0.87080095,70.94792879634771,0.030212122983088976,0.713399682155376
293,700,30.0,20000,Zigzag - Meshram (2016),0.87080095,79.33493318778812,0.034002727197885885,0.7669142626186811
293,700,45.0,20000,Zigzag - Meshram (2016),0.87080095,83.07463223386034,0.037297538192156296,0.7786853000984334
293,700,60.0,20000,Zigzag - Meshram (2016),0.87080095,85.83441821417595,0.03982710079195902,0.7871463901192963
293,700,,20000,S-shaped - Ngo (2007),0.87080095,330.47258331425775,0.09899204479918527,2.237289966260338
293,700,,40000,Straight - Dittus-Boelter (baseline),0.87080095,104.55465823290108,0.005593214639185591,1.0
293,700,30.0,40000,Zigzag - Kim & No (2011),0.87080095,93.86061691134289,0.019984575656421918,0.587212829854618
293,700,45.0,40000,Zigzag - Kim & No (2011),0.87080095,111.6197134495137,0.023765799560927118,0.6591241157921578
293,700,60.0,40000,Zigzag - Kim & No (2011),0.87080095,123.52751875670762,0.026301180681299885,0.705205587925889
293,700,30.0,40000,Zigzag - Meshram (2016),0.87080095,123.09977852866736,0.03043118391999333,0.6694139582442484
293,700,45.0,40000,Zigzag - Meshram (2016),0.87080095,128.90246980018682,0.03337991796608163,0.6796885054472913
293,700,60.0,40000,Zigzag - Meshram (2016),0.87080095,133.18468230497618,0.03564378298678266,0.687073909576544
293,700,,40000,S-shaped - Ngo (2007),0.87080095,471.91616414956394,0.08434558723053241,1.8269269100496506
313,700,,2000,Straight - Dittus-Boelter (baseline),0.84934095,9.4229016440295,0.008,1.0
313,700,30.0,2000,Zigzag - Kim & No (2011),0.84934095,8.459110061202438,0.03638320305274817,0.5418383039633914
313,700,45.0,2000,Zigzag - Kim & No (2011),0.84934095,10.059633871373043,0.04326716393691685,0.6081929325192249
313,700,60.0,2000,Zigzag - Kim & No (2011),0.84934095,11.132814924253497,0.047882988045695664,0.6507136429595248
313,700,30.0,2000,Zigzag - Meshram (2016),0.84934095,18.25280979028879,0.049160212459774144,1.0575570759846429
313,700,45.0,2000,Zigzag - Meshram (2016),0.84934095,19.1132128008933,0.053923760029076284,1.0737890651197597
313,700,60.0,2000,Zigzag - Meshram (2016),0.84934095,19.748164473964863,0.057580932411541316,1.0854567130672015
313,700,,2000,S-shaped - Ngo (2007),0.84934095,100.18453877199256,0.16850015131834734,3.8498689151826984
313,700,,5000,Straight - Dittus-Boelter (baseline),0.84934095,19.61266746692286,0.009406628279671524,1.0
313,700,30.0,5000,Zigzag - Kim & No (2011),0.84934095,17.606648033048863,0.03029095239711911,0.6079208455781206
313,700,45.0,5000,Zigzag - Kim & No (2011),0.84934095,20.937951112250374,0.03602221611086278,0.6823680775375834
313,700,60.0,5000,Zigzag - Kim & No (2011),0.84934095,23.171651931496726,0.03986513527742947,0.7300746092766092
313,700,30.0,5000,Zigzag - Meshram (2016),0.84934095,32.624518116270444,0.04245252786917864,1.0065860706153813
313,700,45.0,5000,Zigzag - Meshram (2016),0.84934095,34.16237633806021,0.046566111310410295,1.0220357276909358
313,700,60.0,5000,Zigzag - Meshram (2016),0.84934095,35.29726968319881,0.049724279363813795,1.03314103081588
313,700,,5000,S-shaped - Ngo (2007),0.84934095,160.4507928976357,0.1363565967001994,3.3552468635293557
313,700,,10000,Straight - Dittus-Boelter (baseline),0.84934095,34.14763742213852,0.00791,1.0
313,700,30.0,10000,Zigzag - Kim & No (2011),0.84934095,30.65495472585457,0.026369805672088128,0.6009382791187603
313,700,45.0,10000,Zigzag - Kim & No (2011),0.84934095,36.45509027007254,0.03135916052648631,0.6745304116871533
313,700,60.0,10000,Zigzag - Kim & No (2011),0.84934095,40.3441892829324,0.03470461597164242,0.721688987173591
313,700,30.0,10000,Zigzag - Meshram (2016),0.84934095,50.6217222772625,0.03799344317110953,0.8786155098268132
313,700,45.0,10000,Zigzag - Meshram (2016),0.84934095,53.00793474261757,0.04167494829103246,0.8921010017527934
313,700,60.0,10000,Zigzag - Meshram (2016),0.84934095,54.768888131328865,0.04450139195609661,0.9017944515746639
313,700,,10000,S-shaped - Ngo (2007),0.84934095,229.12437080144778,0.11618183304290985,2.7398284877161014
313,700,,20000,Straight - Dittus-Boelter (baseline),0.84934095,59.45448998614901,0.006651490644656882,1.0
313,700,30.0,20000,Zigzag - Kim & No (2011),0.84934095,53.373376208819764,0.022956249181845648,0.5940359142756366
313,700,45.0,20000,Zigzag - Kim & No (2011),0.84934095,63.47199873924542,0.02729973486082624,0.6667827691071623
313,700,60.0,20000,Zigzag - Kim & No (2011),0.84934095,70.24331341196452,0.030212122983088976,0.7133996821553761
313,700,30.0,20000,Zigzag - Meshram (2016),0.84934095,78.54702273865313,0.034002727197885885,0.7669142626186812
313,700,45.0,20000,Zigzag - Meshram (2016),0.84934095,82.24958117293399,0.037297538192156296,0.7786853000984334
313,700,60.0,20000,Zigzag - Meshram (2016),0.84934095,84.98195849323196,0.03982710079195902,0.7871463901192963
313,700,,20000,S-shaped - Ngo (2007),0.84934095,327.19051334730375,0.09899204479918527,2.237289966260338
313,700,,40000,Straight - Dittus-Boelter (baseline),0.84934095,103.51627949585159,0.005593214639185591,1.0
313,700,30.0,40000,Zigzag - Kim & No (2011),0.84934095,92.928445447208,0.019984575656421918,0.587212829854618
313,700,45.0,40000,Zigzag - Kim & No (2011),0.84934095,110.51116851196198,0.023765799560927118,0.6591241157921578
313,700,60.0,40000,Zigzag - Kim & No (2011),0.84934095,122.30071211714382,0.026301180681299885,0.7052055879258889
313,700,30.0,40000,Zigzag - Meshram (2016),0.84934095,121.87721996724072,0.03043118391999333,0.6694139582442484
313,700,45.0,40000,Zigzag - Meshram (2016),0.84934095,127.622282135133,0.03337991796608163,0.6796885054472913
313,700,60.0,40000,Zigzag - Meshram (2016),0.84934095,131.86196608607642,0.03564378298678266,0.687073909576544
313,700,,40000,S-shaped - Ngo (2007),0.84934095,467.22935517514884,0.08434558723053241,1.8269269100496501
333,700,,2000,Straight - Dittus-Boelter (baseline),0.82788095,9.326935819128158,0.008,1.0
333,700,30.0,2000,Zigzag - Kim & No (2011),0.82788095,8.372959796069523,0.03638320305274817,0.5418383039633914
333,700,45.0,2000,Zigzag - Kim & No (2011),0.82788095,9.95718336311761,0.04326716393691685,0.6081929325192251
333,700,60.0,2000,Zigzag - Kim & No (2011),0.82788095,11.0194347991031,0.047882988045695664,0.6507136429595248
333,700,30.0,2000,Zigzag - Meshram (2016),0.82788095,18.06691737471824,0.049160212459774144,1.0575570759846429
333,700,45.0,2000,Zigzag - Meshram (2016),0.82788095,18.918557767630293,0.053923760029076284,1.0737890651197597
333,700,60.0,2000,Zigzag - Meshram (2016),0.82788095,19.54704289107832,0.057580932411541316,1.0854567130672015
333,700,,2000,S-shaped - Ngo (2007),0.82788095,99.16422759091317,0.16850015131834734,3.8498689151826984
333,700,,5000,Straight - Dittus-Boelter (baseline),0.82788095,19.412925828616416,0.009406628279671524,1.0
333,700,30.0,5000,Zigzag - Kim & No (2011),0.82788095,17.427336334161534,0.03029095239711911,0.6079208455781205
333,700,45.0,5000,Zigzag - Kim & No (2011),0.82788095,20.724712364130337,0.03602221611086278,0.6823680775375833
333,700,60.0,5000,Zigzag - Kim & No (2011),0.82788095,22.935664464372753,0.03986513527742947,0.7300746092766092
333,700,30.0,5000,Zigzag - Meshram (2016),0.82788095,32.29225965583959,0.04245252786917864,1.0065860706153813
333,700,45.0,5000,Zigzag - Meshram (2016),0.82788095,33.814455840773775,0.046566111310410295,1.022035727690936
333,700,60.0,5000,Zigzag - Meshram (2016),0.82788095,34.93779107142114,0.049724279363813795,1.03314103081588
333,700,,5000,S-shaped - Ngo (2007),0.82788095,158.81671103217846,0.1363565967001994,3.355246863529356
333,700,,10000,Straight - Dittus-Boelter (baseline),0.82788095,33.79986703065579,0.00791,1.0
333,700,30.0,10000,Zigzag - Kim & No (2011),0.82788095,30.342754924910672,0.026369805672088128,0.6009382791187602
333,700,45.0,10000,Zigzag - Kim & No (2011),0.82788095,36.08382004548763,0.03135916052648631,0.6745304116871533
333,700,60.0,10000,Zigzag - Kim & No (2011),0.82788095,39.933311238061194,0.03470461597164242,0.721688987173591
333,700,30.0,10000,Zigzag - Meshram (2016),0.82788095,50.106174570220254,0.03799344317110953,0.8786155098268134
333,700,45.0,10000,Zigzag - Meshram (2016),0.82788095,52.468085089499844,0.04167494829103246,0.8921010017527933
333,700,60.0,10000,Zigzag - Meshram (2016),0.82788095,54.21110436927692,0.04450139195609661,0.9017944515746639
333,700,,10000,S-shaped - Ngo (2007),0.82788095,226.79089539444365,0.11618183304290985,2.7398284877161014
333,700,,20000,Straight - Dittus-Boelter (baseline),0.82788095,58.848986565743,0.006651490644656882,1.0
333,700,30.0,20000,Zigzag - Kim & No (2011),0.82788095,52.82980478367446,0.022956249181845648,0.5940359142756364
333,700,45.0,20000,Zigzag - Kim & No (2011),0.82788095,62.825579732950466,0.02729973486082624,0.666782769107162
333,700,60.0,20000,Zigzag - Kim & No (2011),0.82788095,69.52793318514723,0.030212122983088976,0.7133996821553759
333,700,30.0,20000,Zigzag - Meshram (2016),0.82788095,77.74707489716893,0.034002727197885885,0.7669142626186811
333,700,45.0,20000,Zigzag - Meshram (2016),0.82788095,81.41192529969757,0.037297538192156296,0.7786853000984334
333,700,60.0,20000,Zigzag - Meshram (2016),0.82788095,84.11647522102759,0.03982710079195902,0.7871463901192962
333,700,,20000,S-shaped - Ngo (2007),0.82788095,323.8583011796046,0.09899204479918527,2.2372899662603376
333,700,,40000,Straight - Dittus-Boelter (baseline),0.82788095,102.46203680842721,0.005593214639185591,1.0
333,700,30.0,40000,Zigzag - Kim & No (2011),0.82788095,91.98203262650418,0.019984575656421918,0.587212829854618
333,700,45.0,40000,Zigzag - Kim & No (2011),0.82788095,109.3856876518512,0.023765799560927118,0.6591241157921578
333,700,60.0,40000,Zigzag - Kim & No (2011),0.82788095,121.05516279829045,0.026301180681299885,0.705205587925889
333,700,30.0,40000,Zigzag - Meshram (2016),0.82788095,120.635983627026,0.03043118391999333,0.6694139582442484
333,700,45.0,40000,Zigzag - Meshram (2016),0.82788095,126.32253625604386,0.03337991796608163,0.6796885054472914
333,700,60.0,40000,Zigzag - Meshram (2016),0.82788095,130.5190419182771,0.03564378298678266,0.687073909576544
333,700,,40000,S-shaped - Ngo (2007),0.82788095,462.4709429385195,0.08434558723053241,1.8269269100496506
